<?xml version="1.0" encoding="UTF-8"?>
<!DOCTYPE mapper PUBLIC "-//mybatis.org/DTD Mapper 3.0"
        "http://mybatis.org/dtd/mybatis-3-mapper.dtd">
<mapper namespace="ComLiucj.Dao_interface.Dao_interface">

    <!--映射模板-->
    <resultMap id="namemap" type="ComLiucj.Model.Files">
        <result column="id" property="id" />
        <result column="name" property="name" />
        <result column="label" property="label" />
        <result column="suffix" property="suffix" />
        <result column="time" property="time" />
        <result column="url" property="url" />
    </resultMap>

    <!--添加文件-->
    <insert id="insertFile" parameterType="ComLiucj.Model.Files" useGeneratedKeys="true" keyProperty="id">

        insert into info_table (name,suffix,label,time,url) values (#{name},#{suffix},#{label},#{time},#{url})
    </insert>


    <!--名字查找-->
    <select id="findFile" parameterType="String" resultMap="namemap">
        SELECT * FROM info_table where name like #{name};
    </select>

    <!--名字查找-->
    <select id="findBoth"  resultMap="namemap">
        SELECT * FROM info_table where name = #{0} and studentid =#{1};
    </select>

    <!--id查找-->
    <select id="findById" parameterType="int" resultType="ComLiucj.Model.Files">
        select * from info_table where id=#{id}
    </select>

    <!--标签查找-->
    <select id="findByLabel" parameterType="String" resultType="ComLiucj.Model.Files">
        select * from info_table where label = #{label}
    </select>

    <!--<select id="getByNameLike" resultType="com.bean.bysking.Bean">-->
        <!--select * from myfile where name like #{name}-->
    <!--</select>-->

    <!--查询所有文件-->
    <select id="findAll" resultMap="namemap">
        select * from info_table
    </select>

    <!--删除文件-->
    <select id="deleteFile" parameterType="int" resultType="ComLiucj.Model.Files">
        DELETE FROM info_table
        where id=#{id}
    </select>

    <!-- 根据id更新用户
        分析:
        需要传入用户的id
        需要传入用户的更新信息
        parameterType:指定user对象,包括id和更新信息,注意:id必须存在
        #{id}:从输入user对象中获取id
     -->
    <update id="updateStudent" parameterType="ComLiucj.Model.Files">
        update info_table set
                        name=#{name},
                        label=#{label},
                        suffix=#{suffix},
                        time=#{time}
        where id=#{id}
    </update>


    <!-- 根据id批量删除数据 -->
    <!-- DELETE FROM `exam`.`questions` WHERE `questionId` in ('10','11','8','9') -->
    <delete id="deleteBatch" parameterType="java.util.List">
        DELETE FROM info_table WHERE id in
        <foreach collection="list" item="id" separator="," open="(" close=")">
            #{id}
        </foreach>
    </delete>
</mapper>