<?xml version="1.0" encoding="UTF-8" ?>
<!DOCTYPE configuration
        PUBLIC "-//mybatis.org//DTD Config 3.0//EN"
        "http://mybatis.org/dtd/mybatis-3-config.dtd">
<configuration>
    <!-- 和spring整合后 environments配置将废除-->
    <environments default="development">
        <environment id="development">
            <!-- 使用jdbc事务管理，事务的控制有mybatis-->
            <transactionManager type="JDBC" />
            <!-- 数据库连接池，由mybatis管理-->
            <dataSource type="POOLED">
                <property name="driver" value="com.mysql.jdbc.Driver" />
                <property name="url" value="jdbc:mysql://95.169.11.250:3306/ijtest?useUnicode=true&amp;characterEncoding=UTF-8" />
                <property name="username" value="root" />
                <property name="password" value="123456" />
                <!--<property name="password" value="J^u&amp;tKl9" />-->
            </dataSource>
        </environment>
    </environments>

    <mappers>
        <mapper resource="FilesMapper.xml"/>
    </mappers>


</configuration>
